30248,4,2617.69565,1891.1798,1383.04045,1547.72545,1452.85505,5573.9434,78.09915
30248,3,2600.87005,1886.352,1386.19545,1543.16995,1399.1163,5423.113,71.4404
30248,2,2579.619,1888.5477,1388.6172,1544.4418,1350.953,5283.0126,71.1882
30248,1,2553.79375,1882.386,1386.4436,1540.60305,1302.21015,5247.4387,68.15095
30248,0,2486.97735,1868.8046,1395.2885,1530.3567,1267.14665,5223.3794,67.93
30238,4,2691.256,1909.10975,1383.8516,1564.2197,1394.2038,5433.6281,67.38835
30238,3,2669.4762,1905.6678,1385.3702,1558.96945,1302.534,5394.87445,67.14415
30238,2,2656.3227,1905.55525,1387.1476,1560.59545,1226.99055,5369.0446,64.094
30238,1,2617.394,1895.79785,1382.0794,1551.88905,1176.4814,5320.6828,63.9685
30238,0,2589.67035,1887.60025,1379.451,1543.3158,1143.53955,5272.3117,63.91395
30233,4,2595.56105,1897.2115,1395.66425,1555.70845,1437.5239,5439.2899,70.13575
30233,3,2551.272,1880.3688,1388.22495,1537.13535,1360.05495,5366.85235,67.6935
30233,2,2516.21385,1865.14965,1383.26985,1523.95425,1292.16035,5306.1347,67.63625
30233,1,2505.75825,1862.67095,1386.29625,1520.3922,1265.4148,5291.2211,67.19695
30233,0,2498.73175,1866.33505,1388.5008,1524.85765,1196.46375,5284.29135,67.20165
30229,4,2568.77425,1888.8583,1396.0207,1547.47195,1415.9377,5386.1728,70.4943
30229,3,2545.4865,1878.72235,1392.18045,1534.8957,1371.3995,5347.904,67.81245
30229,2,2520.3198,1868.81755,1386.7165,1527.14035,1325.2864,5291.314,67.57735
30229,1,2510.75495,1861.56325,1388.5301,1521.7004,1291.91395,5267.2606,67.4798
30229,0,2500.3421,1866.85595,1387.91785,1525.92305,1271.23675,5153.4666,67.44095
30227,4,2524.4671,1866.94385,1389.0844,1525.62515,1492.9857,5413.1146,77.40515
30227,3,2496.90795,1857.74255,1386.1928,1519.3407,1423.45245,5362.7863,70.98065
30227,2,2471.75905,1849.0783,1381.29405,1508.96355,1371.29735,5301.77925,70.5475
30227,1,2462.1067,1846.46245,1386.4221,1507.7724,1327.58615,5278.24325,67.75325
30227,0,2451.7063,1849.1055,1388.39265,1511.60655,1292.79335,5157.2085,67.45505
30220,4,2462.1535,1862.82205,1397.7848,1524.32245,1260.9298,5306.6083,66.756
30220,3,2456.5451,1863.27825,1398.6368,1523.27915,1201.37615,5298.4559,66.7215
30220,2,2451.977,1863.21285,1401.1515,1523.43705,1129.11685,5271.5169,64.2169
30220,1,2421.4323,1849.61895,1397.8946,1509.73315,1073.1203,5211.47225,64.22695
30220,0,2418.07275,1851.5943,1396.9086,1514.1799,1058.7291,5108.6663,63.8358
30218,4,2627.32775,1894.83105,1382.86665,1548.95645,1366.49045,5365.17635,67.91255
30218,3,2608.3486,1897.09925,1383.1308,1551.8647,1283.14575,5350.21825,67.5551
30218,2,2596.11535,1890.01665,1384.3881,1544.7501,1204.46305,5312.73965,67.48745
30218,1,2574.38195,1884.64635,1384.81555,1540.0842,1174.97585,5285.87815,67.0868
30218,0,2563.42635,1884.99615,1384.34605,1541.87795,1154.67925,5165.95665,67.06335
30217,4,2492.68505,1873.4296,1402.5875,1533.26615,1279.38455,5184.8633,66.99345
30217,3,2484.7011,1875.30625,1403.34045,1533.70295,1219.97975,5178.7121,66.7535
30217,2,2479.07705,1876.81105,1406.3436,1535.07085,1149.24585,5170.8519,66.66185
30217,1,2446.6164,1862.98275,1400.43825,1523.8979,1076.8629,5120.91175,66.2856
30217,0,2442.8085,1861.9313,1401.26405,1522.2147,1056.9835,5114.7833,66.21555
30211,4,2536.92915,1882.433,1396.2719,1541.2152,1395.5006,5502.55545,68.3287
30211,3,2523.49575,1876.24545,1399.0461,1537.15075,1357.5121,5472.5459,68.0268
30211,2,2511.441,1870.72795,1399.642,1533.61555,1329.3115,5445.05995,67.8476
30211,1,2497.92945,1867.72,1398.1341,1529.1238,1294.7262,5418.98255,67.59445
30211,0,2488.21065,1868.5658,1398.3182,1530.00435,1228.7691,5403.71585,67.3974
30201,4,2551.5864,1887.9805,1403.23725,1548.05805,1415.64,5474.78435,70.78325
30201,3,2521.58115,1879.5919,1393.8837,1536.98045,1362.8388,5381.36055,68.137
30201,2,2511.8748,1870.625,1389.82345,1529.74915,1334.0673,5321.329,68.10285
30201,1,2497.74235,1867.88205,1391.40375,1527.88425,1294.549,5297.0003,67.78865
30201,0,2488.17165,1868.8147,1394.72425,1528.88115,1267.131,5186.67465,67.6142
30198,4,2504.3395,1878.1829,1407.14505,1539.2741,1342.4461,5491.09005,69.5591
30198,3,2498.85,1877.2977,1406.61445,1538.71205,1320.4656,5376.5121,67.421
30198,2,2487.91165,1878.4807,1408.16455,1538.65605,1287.02355,5242.2715,67.1891
30198,1,2463.40325,1869.74915,1403.7412,1529.65775,1234.6611,5200.48225,66.8748
30198,0,2444.1696,1860.44555,1397.69045,1521.4209,1199.5286,5154.05785,66.74495
30185,4,2573.03,1885.19125,1382.73995,1540.5511,1195.3461,5154.5759,67.26645
30185,3,2557.32805,1881.6307,1384.4335,1536.97525,1186.99865,5151.00075,67.1288
30185,2,2541.19175,1875.30745,1388.94975,1532.26075,1165.02705,5142.51405,64.24525
30185,1,2436.1907,1857.64405,1400.05105,1518.6991,1134.13845,5134.85865,64.17625
30185,0,2434.1095,1859.51545,1403.09705,1518.7022,1078.8075,5129.65235,64.07925
30179,4,2530.3158,1879.9313,1401.44195,1541.5588,1371.2164,5386.9262,70.8776
30179,3,2522.452,1882.3393,1402.17225,1540.8041,1304.09725,5378.6273,67.9678
30179,2,2505.33375,1878.31695,1401.21575,1537.03565,1217.0501,5335.9248,67.85095
30179,1,2480.121,1866.3985,1396.60685,1526.36685,1166.4615,5283.0175,67.5777
30179,0,2459.89815,1859.0875,1392.8902,1519.71,1135.8268,5235.7079,67.41955
30172,4,2573.861,1882.79355,1387.44285,1541.03715,1445.58465,5389.1118,69.80035
30172,3,2557.8163,1881.61475,1389.67235,1539.5684,1400.88655,5367.794,67.15545
30172,2,2549.30055,1875.64265,1389.99595,1535.39015,1370.9131,5332.7474,60.6579
30172,1,2534.4716,1872.7515,1390.61505,1533.0246,1334.58755,5308.34635,60.62875
30172,0,2525.06975,1876.0792,1391.39535,1533.3151,1308.15545,5186.1337,60.65975
30163,4,2503.92245,1868.99435,1396.91925,1529.567,1394.97285,5343.2009,60.86785
30163,3,2494.64895,1868.9576,1396.60165,1529.17855,1315.04515,5328.00175,60.90565
30163,2,2487.59895,1868.33185,1401.1854,1529.37455,1233.44035,5311.93005,60.82905
30163,1,2475.20045,1868.46785,1401.2385,1530.1886,1185.40825,5291.8756,60.8149
30163,0,2466.3844,1869.45405,1403.75215,1530.28625,1157.50685,5279.9307,60.8991
30157,4,2517.7995,1890.64455,1419.8822,1551.22705,1348.5394,5443.9572,64.1293
30157,3,2502.95415,1880.00615,1413.13385,1544.05085,1318.68105,5395.0048,64.04525
30157,2,2493.40775,1877.15905,1415.0792,1541.53395,1288.7919,5360.0846,64.06905
30157,1,2466.9243,1868.8147,1408.7368,1530.8701,1241.0634,5313.3537,64.06685
30157,0,2451.02825,1861.4443,1404.6248,1523.7947,1206.82965,5267.43155,63.9469
30155,4,2530.3741,1880.95185,1397.16,1542.0281,1276.52705,5234.8821,70.45625
30155,3,2522.0354,1880.50635,1396.3164,1537.5622,1259.2967,5225.39915,67.4483
30155,2,2518.4747,1880.71305,1397.57495,1540.48585,1242.3714,5220.9931,60.9769
30155,1,2500.80375,1888.75805,1409.2871,1547.6863,1168.65165,5203.05295,60.83545
30155,0,2452.7141,1877.01755,1418.0975,1537.6336,1156.7718,5205.4141,60.9598
30152,4,2614.5826,1909.7519,1401.08335,1567.33255,1327.8011,5269.7677,67.5766
30152,3,2549.3377,1895.58005,1404.3889,1553.42565,1312.3659,5262.26565,67.4816
30152,2,2480.52565,1878.8176,1410.62865,1539.9628,1280.30105,5232.685,67.36145
30152,1,2457.93545,1865.71995,1407.61435,1528.31895,1222.3539,5187.88705,67.06545
30152,0,2438.66995,1861.1473,1402.4173,1522.462,1183.10585,5144.5991,66.941
30149,4,2510.7015,1887.3414,1409.2359,1547.61785,1303.26525,5402.60915,69.95825
30149,3,2503.0896,1881.9193,1410.0457,1541.60795,1277.58305,5382.64365,67.26765
30149,2,2491.82775,1879.2134,1408.82665,1538.39555,1246.219,5345.663,60.75985
30149,1,2480.11995,1875.42375,1409.10935,1535.4384,1216.4494,5320.27215,60.9353
30149,0,2472.47105,1876.81585,1410.7489,1537.09915,1192.94505,5198.79325,60.85055
30146,4,2556.6448,1882.9851,1389.2136,1538.90315,1337.051,5255.6836,67.19555
30146,3,2546.61645,1883.55785,1392.7737,1539.332,1256.24875,5246.25765,67.106
30146,2,2528.93175,1880.31465,1393.1987,1536.65405,1173.8546,5208.544,64.43795
30146,1,2510.27845,1875.74115,1392.10815,1531.8299,1136.58745,5179.44035,64.24435
30146,0,2450.24915,1863.9558,1396.5582,1522.78445,1116.54175,5157.3441,64.1515
30141,4,2572.59475,1902.5694,1385.4432,1539.72445,1365.4808,5215.32,68.1938
30141,3,2558.34225,1897.6497,1387.52585,1535.32065,1275.04185,5195.8608,67.80575
30141,2,2552.7638,1896.47765,1390.6842,1536.67175,1205.4731,5188.59695,67.7524
30141,1,2540.8064,1895.93105,1390.96995,1534.68715,1181.1916,5174.35665,67.36775
30141,0,2480.908,1885.26285,1399.52405,1524.5422,1165.6192,5171.892,67.4858
30134,4,2520.02445,1874.9759,1400.31035,1534.85655,1390.39485,5402.13445,76.1753
30134,3,2506.0569,1874.78935,1400.8949,1535.75925,1308.11175,5384.0788,70.3908
30134,2,2496.97505,1877.57145,1401.9373,1536.57505,1227.58315,5354.14205,70.1038
30134,1,2486.8978,1874.03895,1403.92675,1532.43195,1197.3592,5329.50435,67.38225
30134,0,2481.4583,1874.7394,1408.32965,1535.69955,1170.13135,5207.27685,67.22755
30133,4,2477.2097,1859.7521,1392.4026,1520.8003,1270.0612,5251.82135,67.0171
30133,3,2465.56885,1854.3762,1391.30105,1515.3532,1244.68165,5231.8639,66.73425
30133,2,2449.5076,1851.98135,1387.08325,1514.04405,1212.8033,5207.4258,64.0531
30133,1,2440.88925,1855.074,1392.7805,1516.09485,1105.21325,5195.8678,63.8964
30133,0,2442.07035,1856.3632,1395.0912,1517.2026,1088.29235,5107.396,63.73245
30128,4,2479.3616,1852.24515,1386.90495,1514.2501,1345.77125,5331.86575,70.93985
30128,3,2469.0427,1855.36705,1387.0453,1515.1247,1269.07555,5319.6273,68.27005
30128,2,2465.36835,1849.93615,1390.1086,1510.42195,1193.25485,5288.14445,68.1485
30128,1,2451.9901,1849.2497,1388.74335,1512.14705,1166.6708,5266.10585,67.725
30128,0,2447.2533,1851.5791,1391.7162,1512.88905,1143.37605,5151.9793,67.64095
30124,4,2600.1924,1890.19795,1382.97265,1547.8849,1285.36855,5334.76615,60.8142
30124,3,2578.0177,1882.91085,1382.3869,1539.437,1246.44415,5303.30245,60.80375
30124,2,2559.62485,1875.9566,1378.0275,1531.9226,1220.77345,5260.7148,60.9017
30124,1,2549.3137,1872.94665,1378.928,1530.7269,1200.40565,5243.92925,60.70655
30124,0,2495.79245,1860.8225,1386.395,1520.34955,1188.94785,5228.84625,60.88475
30111,4,2564.4698,1892.4992,1403.431,1550.28265,1330.10925,5272.4331,67.1797
30111,3,2554.2988,1893.31065,1404.5625,1549.67835,1257.1423,5262.79315,67.04765
30111,2,2543.22265,1893.48975,1404.7515,1549.4394,1187.9358,5234.5186,66.70485
30111,1,2534.40655,1890.81195,1403.0111,1548.8166,1166.69,5217.94855,66.46125
30111,0,2481.3578,1877.08995,1410.8663,1538.3304,1153.5091,5203.98805,66.5771
30108,4,2513.50675,1911.9413,1444.2479,1572.17845,1223.1233,5458.17715,70.8397
30108,3,2494.63975,1897.3653,1432.03175,1559.323,1191.7504,5371.9812,67.8552
30108,2,2478.87935,1889.1725,1423.72095,1550.63145,1168.90265,5306.0113,67.93305
30108,1,2466.20435,1882.26745,1423.35385,1543.5904,1143.0316,5281.70975,67.60375
30108,0,2458.8382,1881.5789,1421.1503,1544.41035,1126.8943,5175.7399,67.4932
30103,4,2550.99445,1876.63555,1387.3859,1535.136,1294.90185,5221.6395,60.92365
30103,3,2535.73815,1877.66475,1386.7576,1535.96675,1255.7525,5208.2372,60.90415
30103,2,2529.7137,1874.89655,1389.31715,1531.52895,1216.7672,5182.41015,60.96345
30103,1,2514.1667,1871.2374,1389.83125,1529.13295,1187.94795,5161.65245,60.9035
30103,0,2507.90015,1869.38265,1392.6827,1527.9294,1124.65265,5139.8812,60.9872
30100,4,2519.91995,1882.71625,1401.56325,1541.251,1194.4016,5215.5884,67.0067
30100,3,2507.1245,1879.4516,1401.39595,1537.75165,1172.73115,5199.9209,66.66985
30100,2,2495.96625,1876.4354,1399.35775,1536.44055,1156.0385,5168.4723,64.05495
30100,1,2468.2981,1859.84025,1394.9644,1522.1303,1105.95445,5122.3742,63.84285
30100,0,2464.16995,1863.41035,1395.35755,1522.9078,1055.84925,5105.32745,63.7769
30097,4,2548.2761,1877.53335,1391.43515,1535.7975,1324.08095,5333.75435,66.9821
30097,3,2528.3166,1871.2624,1388.1188,1529.78305,1289.79285,5304.6101,66.9065
30097,2,2511.242,1868.8686,1386.88895,1527.34445,1262.4982,5282.48055,66.6668
30097,1,2506.61855,1865.69895,1389.1237,1526.8484,1239.07365,5272.22555,66.44515
30097,0,2501.33445,1869.73875,1391.95805,1529.1407,1177.75315,5267.36965,66.33545
30091,4,2528.6191,1888.2085,1410.06585,1549.45065,1220.7018,5282.6616,63.4773
30091,3,2514.03805,1878.52,1399.68105,1539.27925,1201.57645,5212.5497,63.302
30091,2,2501.56445,1871.2281,1396.4739,1531.56525,1171.13995,5151.8263,63.31505
30091,1,2492.18205,1869.18355,1398.8847,1529.4573,1142.4781,5138.67055,63.33815
30091,0,2483.38395,1871.46105,1398.60335,1531.53925,1084.14655,5131.5366,63.23605
30088,4,2465.569,1872.3181,1407.73275,1533.52295,1225.4656,5315.65735,64.0599
30088,3,2464.2884,1871.5318,1409.71895,1530.5531,1198.2847,5309.64015,64.06265
30088,2,2459.242,1867.09585,1409.6341,1529.3892,1165.4922,5282.25025,64.04595
30088,1,2423.64585,1852.4554,1399.7314,1512.83635,1108.7047,5214.11195,63.652
30088,0,2419.6295,1852.222,1399.88625,1515.5458,1058.16375,5194.18925,63.7181
30082,4,2520.34825,1864.891,1381.64615,1523.7023,1349.6648,5166.445,63.74205
30082,3,2513.21095,1861.35905,1381.7771,1520.15555,1312.693,5154.47645,63.78395
30082,2,2508.02095,1861.71005,1382.02455,1521.446,1285.52975,5150.08545,63.67005
30082,1,2498.90435,1863.2807,1383.29875,1522.35105,1263.09135,5142.91125,63.64585
30082,0,2447.09005,1850.2991,1394.12645,1514.0833,1245.90685,5142.6138,63.6308
30073,4,2546.0736,1894.78195,1407.6544,1552.9249,1241.70275,5300.47435,60.84595
30073,3,2535.82775,1887.6024,1406.4324,1544.90615,1216.18455,5267.0328,60.77275
30073,2,2522.8171,1881.71405,1404.1703,1541.755,1198.075,5237.12485,60.79215
30073,1,2504.94405,1876.02885,1401.52725,1535.80175,1165.1888,5210.32045,60.81675
30073,0,2498.06255,1875.07865,1402.68895,1533.7718,1104.89915,5185.82325,60.84165
30068,4,2506.70765,1879.16345,1409.22485,1540.08555,1300.99815,5330.0504,60.85085
30068,3,2493.5301,1880.08325,1408.36175,1541.1348,1270.82465,5312.9946,60.83655
30068,2,2485.41755,1871.45335,1408.09275,1535.03505,1248.87555,5278.2749,60.9129
30068,1,2476.94995,1869.6949,1407.70825,1532.43975,1223.9215,5251.69865,60.6678
30068,0,2471.28475,1868.7836,1408.57855,1531.0184,1162.06015,5240.3867,60.79555
30066,4,2532.6427,1893.57975,1411.46535,1551.9443,1158.10915,5220.1331,60.6375
30066,3,2529.8973,1892.7339,1412.26845,1551.16415,1131.2159,5215.8582,60.6439
30066,2,2517.11145,1888.44565,1408.7091,1548.67945,1099.89685,5184.03615,60.6157
30066,1,2477.23715,1876.5887,1403.18775,1536.63345,1062.80075,5145.63425,60.6317
30066,0,2429.4758,1865.4552,1409.74105,1526.26055,1050.14625,5128.71205,60.7592
30061,4,2451.71535,1866.93355,1408.78455,1528.6267,1153.41545,5198.07335,60.81655
30061,3,2444.8606,1866.41265,1409.90035,1526.47865,1136.46455,5188.4077,60.8037
30061,2,2437.8759,1864.2721,1405.2876,1523.5453,1130.74265,5161.9244,60.657
30061,1,2438.0935,1861.9185,1405.3513,1523.959,1125.09585,5155.45585,60.71325
30061,0,2439.9957,1859.66785,1406.3892,1521.0961,1119.64735,5138.93815,60.7524
30055,4,2588.80445,1896.60745,1385.9821,1550.53035,1208.37005,5189.95305,66.68355
30055,3,2568.71055,1885.73125,1389.51395,1542.6448,1171.60665,5163.318,66.43805
30055,2,2557.1352,1883.1839,1389.23325,1542.23555,1153.5198,5150.45735,63.48575
30055,1,2540.46405,1881.07685,1392.32255,1538.65655,1124.82825,5134.788,63.40785
30055,0,2485.48475,1868.6168,1397.885,1527.8396,1109.90635,5128.3341,63.36525
30054,4,2494.65335,1888.2202,1420.86825,1550.03915,1294.0526,5357.92835,64.215
30054,3,2479.92465,1880.6961,1414.52265,1541.16415,1268.52665,5293.65495,64.189
30054,2,2467.26555,1870.15865,1408.4451,1532.494,1237.54035,5221.7567,64.23975
30054,1,2456.7607,1869.35065,1409.64945,1530.22835,1207.68095,5206.284,63.93135
30054,0,2453.20445,1870.94535,1413.6592,1530.3915,1145.1297,5200.70475,64.04325
30041,4,2490.48345,1879.1491,1414.74825,1540.9155,1245.66275,5304.9896,60.84145
30041,3,2467.94795,1874.13975,1413.0535,1536.45745,1188.26915,5272.28565,60.4903
30041,2,2454.0751,1869.90805,1409.7631,1531.91635,1157.88755,5234.36975,60.5669
30041,1,2428.9779,1853.4688,1402.25285,1515.5059,1108.56195,5137.60095,60.6755
30041,0,2421.5408,1854.2278,1402.92445,1515.46415,1050.22505,5113.28765,60.74135
30031,4,2485.68895,1880.20145,1415.88065,1540.3012,1250.5996,5250.36845,65.75915
30031,3,2478.6341,1877.2192,1414.5076,1537.9422,1221.511,5240.4508,65.67375
30031,2,2470.86675,1876.9574,1415.0575,1538.00955,1187.3157,5230.7702,65.70755
30031,1,2459.72855,1875.0773,1417.765,1536.9506,1154.3082,5214.2761,65.2909
30031,0,2451.2856,1877.8297,1416.77345,1539.2125,1096.07735,5205.11955,65.23295
30013,4,2468.0706,1876.5307,1415.2194,1537.17135,1159.1288,5278.89775,69.00085
30013,3,2463.22265,1875.7526,1414.81905,1535.7821,1130.8395,5271.37335,66.6199
30013,2,2458.55975,1874.2459,1417.6637,1534.91985,1100.07595,5261.1129,66.64775
30013,1,2447.2777,1872.4504,1414.2807,1534.0421,1081.69305,5244.89985,65.38795
30013,0,2445.01905,1874.9375,1417.89645,1534.69175,1069.4965,5154.18885,65.17725
30010,4,2528.67725,1896.2614,1420.06125,1557.22555,1355.49435,5366.92035,60.65835
30010,3,2504.64555,1885.38625,1411.4012,1544.3797,1316.4356,5313.4845,60.6056
30010,2,2490.2438,1875.40975,1410.5748,1536.1524,1277.311,5272.1465,60.61715
30010,1,2477.1828,1873.7762,1407.49815,1533.70475,1240.9548,5248.81535,60.559
30010,0,2471.3521,1873.0386,1408.87325,1533.4794,1177.5114,5225.58285,60.59505
20084,4,2540.0839,1883.3328,1396.24485,1541.61645,1227.4603,5244.59095,67.1077
20084,3,2473.42555,1871.7784,1402.036,1533.3152,1198.87585,5235.1223,66.73525
20084,2,2470.85455,1869.55225,1403.3966,1527.99005,1185.72045,5211.6231,66.7041
20084,1,2465.19375,1866.2949,1402.7902,1528.12885,1174.21045,5185.2529,66.7088
20084,0,2459.93445,1867.7549,1404.0244,1528.4001,1162.842,5176.0416,66.49275
20080,4,2496.53855,1872.1049,1400.95425,1533.0466,1228.0181,5370.74915,67.02185
20080,3,2459.6559,1863.44315,1401.72465,1524.64365,1201.42255,5334.3191,67.0342
20080,2,2458.9577,1862.2597,1401.4341,1523.7614,1187.97625,5314.87015,64.28
20080,1,2453.51475,1860.89895,1399.6823,1524.0769,1174.57895,5303.12355,63.9726
20080,0,2448.9985,1861.3341,1402.05185,1521.3922,1161.71055,5282.16685,60.8348
20077,4,2450.86775,1863.51045,1402.0328,1524.8193,1195.686,5289.1044,69.1253
20077,3,2444.7801,1866.6323,1403.06365,1525.47245,1136.8818,5282.20015,66.99595
20077,2,2437.7789,1860.94325,1403.53865,1520.9291,1113.73155,5248.88465,66.90515
20077,1,2432.6428,1857.9361,1402.7048,1518.97385,1094.8778,5232.0036,66.804
20077,0,2426.60705,1856.1374,1402.68305,1518.9095,1080.252,5207.48125,66.7003
20072,4,2517.6592,1884.5343,1404.20415,1541.8285,1147.70185,5335.94855,66.51025
20072,3,2461.4616,1869.22515,1404.80665,1528.73935,1132.64515,5308.88055,66.31175
20072,2,2453.3304,1867.66345,1408.4994,1528.7806,1115.321,5288.4778,63.8068
20072,1,2439.4717,1868.13395,1406.0353,1529.34155,1100.62975,5273.77275,63.76545
20072,0,2432.41555,1863.79885,1408.1638,1525.9663,1090.85865,5254.9021,63.80665
20067,4,2532.0707,1884.73625,1400.3687,1541.81905,1210.53625,5235.14965,66.44
20067,3,2518.288,1880.00885,1398.19875,1540.1535,1163.47715,5220.3736,66.21385
20067,2,2505.94545,1878.1897,1396.09245,1536.9283,1138.7832,5187.24355,63.83175
20067,1,2499.0445,1875.40285,1398.4983,1533.5612,1116.62265,5170.9519,63.7247
20067,0,2489.86095,1873.81625,1398.79215,1532.8,1099.64045,5146.1132,60.7988
20062,4,2475.02605,1863.99605,1397.5136,1524.44405,1255.4945,5191.8321,70.1299
20062,3,2471.42405,1863.19915,1398.6428,1524.29935,1191.22955,5184.57035,67.5515
20062,2,2465.3212,1862.46045,1400.48215,1523.73,1172.6676,5173.9006,67.3383
20062,1,2458.53325,1862.13375,1403.20155,1523.37625,1151.84695,5163.8893,67.38075
20062,0,2453.84205,1859.43645,1404.39405,1523.20625,1138.8182,5154.92655,67.12345
20050,4,2490.15375,1881.6619,1412.812,1541.58045,1193.0397,5363.3857,66.86095
20050,3,2481.4372,1884.53415,1414.67375,1544.61675,1168.4197,5253.8969,66.6299
20050,2,2475.11005,1883.844,1417.20805,1542.79205,1151.8649,5244.4998,64.0267
20050,1,2471.7357,1880.7019,1419.34265,1542.32015,1135.5652,5235.71535,63.8395
20050,0,2465.32545,1882.7463,1419.43065,1543.1084,1122.8252,5229.41055,60.88925
20049,4,2512.0587,1861.9413,1383.06805,1520.84955,1226.91695,5135.86535,66.28195
20049,3,2501.7286,1864.2004,1385.2896,1521.9347,1158.9887,5127.21275,66.0113
20049,2,2496.70985,1862.8745,1385.36845,1521.887,1149.7334,5124.0249,66.0796
20049,1,2487.76515,1863.19585,1385.5517,1522.26455,1137.85155,5119.18735,65.85435
20049,0,2475.94455,1864.1991,1390.094,1523.5824,1124.39505,5117.6827,65.94855
20046,4,2488.57175,1882.51185,1412.2203,1541.4165,1221.2249,5276.698,60.96905
20046,3,2477.1942,1877.61545,1411.1075,1538.87455,1150.226,5243.86055,60.7836
20046,2,2467.13055,1874.80745,1408.93265,1536.0212,1133.4755,5216.95935,60.9558
20046,1,2458.4481,1869.88865,1407.5803,1530.8785,1115.79375,5198.61315,60.8709
20046,0,2453.01285,1868.7266,1408.6137,1529.306,1100.18285,5176.8391,60.9704
20034,4,2472.08565,1872.22815,1405.5154,1534.3332,1206.6192,5192.663,69.52605
20034,3,2465.7865,1871.7794,1406.90795,1533.63585,1144.60365,5185.1594,67.6588
20034,2,2457.15325,1867.59525,1408.69045,1529.41065,1120.69185,5169.1266,67.39905
20034,1,2443.62465,1864.99575,1407.2605,1525.93825,1096.9228,5149.03535,67.1769
20034,0,2438.81155,1862.98155,1408.77935,1524.8517,1081.40195,5138.9684,67.1585
20030,4,2466.82325,1858.0412,1396.2734,1519.6545,1247.66475,5216.3597,68.2844
20030,3,2456.24775,1863.09775,1398.4956,1522.38765,1168.8882,5205.65205,66.6285
20030,2,2451.84095,1860.48205,1400.561,1520.89985,1155.58925,5198.3833,66.3857
20030,1,2446.27575,1858.84145,1401.39285,1521.70665,1143.5672,5190.62,66.34695
20030,0,2436.84805,1857.74225,1401.06675,1519.3257,1129.45785,5178.8867,66.23875
20026,4,2475.3215,1894.96015,1427.9945,1554.741,1178.85365,5246.95335,60.8847
20026,3,2475.8391,1890.2436,1429.0836,1551.16325,1126.2986,5239.26795,60.9621
20026,2,2464.67055,1888.891,1427.95165,1549.47375,1111.1706,5225.72225,60.91165
20026,1,2441.46925,1875.36235,1420.79785,1536.4779,1050.4416,5185.3371,60.93755
20026,0,2431.29975,1874.55625,1418.708,1534.95165,1033.91205,5170.9074,60.5877
20025,4,2454.71175,1858.8306,1397.04645,1519.54335,1226.7652,5294.7953,60.59125
20025,3,2445.0815,1859.4787,1397.06385,1520.7876,1200.5882,5190.18045,60.7382
20025,2,2441.85905,1858.75955,1400.0266,1519.23695,1181.95755,5182.98095,60.72185
20025,1,2438.27005,1854.6299,1400.45625,1517.06615,1167.9209,5173.35985,60.65005
20025,0,2430.9455,1854.84215,1402.99905,1517.0061,1148.94075,5163.66535,60.67155
20018,4,2485.86225,1890.7918,1430.53215,1551.76295,1217.71055,5255.096,66.5599
20018,3,2476.13105,1890.58255,1425.30145,1551.7149,1156.30785,5240.8971,66.1379
20018,2,2466.65685,1888.2391,1425.68135,1548.19355,1133.74775,5226.6249,66.16065
20018,1,2459.00175,1883.07385,1426.9708,1543.99435,1115.50105,5215.22175,66.2227
20018,0,2451.42465,1884.40655,1422.67445,1544.0981,1095.29905,5206.6434,66.05175
20016,4,2491.71245,1875.6453,1399.8798,1534.58295,1260.01165,5221.2043,67.5534
20016,3,2486.60265,1873.2697,1402.43575,1531.406,1192.60485,5213.3001,67.1302
20016,2,2471.2273,1873.11275,1399.74645,1530.85165,1167.15995,5193.3384,67.01665
20016,1,2462.63155,1867.14145,1403.46375,1526.47505,1141.01985,5175.4598,66.8707
20016,0,2457.8893,1863.83945,1404.36605,1525.8259,1122.0402,5164.78525,66.73395
20015,4,2470.4433,1878.2283,1412.67825,1538.8715,1252.2192,5282.111,65.5659
20015,3,2464.0215,1872.44835,1411.3085,1534.2224,1182.362,5250.85265,65.5143
20015,2,2456.6331,1871.44635,1412.55365,1533.3565,1160.58745,5226.43325,63.05875
20015,1,2447.9463,1870.32155,1412.7274,1531.3436,1140.6826,5212.1383,62.95325
20015,0,2444.25545,1868.46985,1412.6113,1528.80295,1125.8967,5189.3751,60.6613
20012,4,2477.4489,1877.94305,1413.94715,1540.23645,1242.972,5386.4021,60.60865
20012,3,2465.1725,1875.09815,1410.3657,1536.645,1171.14045,5350.27405,60.639
20012,2,2455.41365,1872.7445,1409.0077,1534.2776,1145.3925,5318.3319,60.5373
20012,1,2442.6209,1867.43055,1406.74725,1527.527,1118.4446,5291.36225,60.76475
20012,0,2437.72135,1862.8184,1406.9046,1524.47225,1105.84065,5264.87965,60.6868
20002,4,2487.84695,1868.8018,1401.8432,1527.58435,1259.1904,5249.8375,66.7494
20002,3,2477.3442,1869.9023,1404.0177,1530.9218,1175.4328,5236.4197,66.61755
20002,2,2473.71405,1868.5675,1406.9044,1528.89605,1164.0938,5229.59035,63.96565
20002,1,2464.75295,1872.8376,1405.06255,1532.23985,1152.23905,5223.11755,63.9468
20002,0,2463.37135,1872.2827,1408.53275,1531.54855,1137.3341,5217.5246,60.8526
20001,4,2460.2753,1867.52505,1406.18035,1529.32175,1208.7655,5306.47925,66.7799
20001,3,2452.63475,1868.8689,1406.6489,1528.81255,1147.1461,5295.4885,66.59735
20001,2,2446.51515,1865.0508,1406.54705,1525.2858,1126.87855,5264.72905,66.5
20001,1,2439.1594,1864.2913,1405.7424,1526.48835,1107.32525,5234.55525,66.2335
20001,0,2435.66725,1861.35835,1407.00385,1524.0392,1096.1152,5221.7942,66.16635
